#LUN_SSID.I,START_OFFSET.I,RANGE_NBYTES.I,NREQS.I,OFFSET_SHIFT.I,OFFSET_SCALE.D,IOSIZE_SCALE.D,START_USECS.I,NUM_USECS.I,SLACK_SCALE.D,AWAIT_REPLY.I,FILE.S
1,0,620144000000,248,0,128,1,0,10000000000000000000000,1,1,/dev/dut
2,0,620144000000,248,0,128,1,0,10000000000000000000000,1,1,/dev/dut
3,0,620144000000,248,0,128,1,0,10000000000000000000000,1,1,/dev/dut
4,0,620144000000,248,0,128,1,0,10000000000000000000000,1,1,/dev/dut
5,0,620144000000,248,0,128,1,0,10000000000000000000000,1,1,/dev/dut
6,0,620144000000,248,0,128,1,0,10000000000000000000000,1,1,/dev/dut
7,0,620144000000,248,0,128,1,0,10000000000000000000000,1,1,/dev/dut
8,0,620144000000,248,0,128,1,0,10000000000000000000000,1,1,/dev/dut
9,0,620144000000,248,0,128,1,0,10000000000000000000000,1,1,/dev/dut
10,0,620144000000,248,0,128,1,0,10000000000000000000000,1,1,/dev/dut
11,0,620144000000,248,0,128,1,0,10000000000000000000000,1,1,/dev/dut
12,0,620144000000,248,0,128,1,0,10000000000000000000000,1,1,/dev/dut
13,0,620144000000,248,0,128,1,0,10000000000000000000000,1,1,/dev/dut
14,0,620144000000,248,0,128,1,0,10000000000000000000000,1,1,/dev/dut
15,0,620144000000,248,0,128,1,0,10000000000000000000000,1,1,/dev/dut
16,0,620144000000,248,0,128,1,0,10000000000000000000000,1,1,/dev/dut
17,0,620144000000,248,0,128,1,0,10000000000000000000000,1,1,/dev/dut
18,0,620144000000,248,0,128,1,0,10000000000000000000000,1,1,/dev/dut
19,0,620144000000,248,0,128,1,0,10000000000000000000000,1,1,/dev/dut
20,0,620144000000,248,0,128,1,0,10000000000000000000000,1,1,/dev/dut
21,0,620144000000,248,0,128,1,0,10000000000000000000000,1,1,/dev/dut
22,0,620144000000,248,0,128,1,0,10000000000000000000000,1,1,/dev/dut
23,0,620144000000,248,0,128,1,0,10000000000000000000000,1,1,/dev/dut
24,0,620144000000,248,0,128,1,0,10000000000000000000000,1,1,/dev/dut
25,0,620144000000,248,0,128,1,0,10000000000000000000000,1,1,/dev/dut
26,0,620144000000,248,0,128,1,0,10000000000000000000000,1,1,/dev/dut
27,0,620144000000,248,0,128,1,0,10000000000000000000000,1,1,/dev/dut
28,0,620144000000,248,0,128,1,0,10000000000000000000000,1,1,/dev/dut
29,0,620144000000,248,0,128,1,0,10000000000000000000000,1,1,/dev/dut
40,0,620144000000,248,0,128,1,0,10000000000000000000000,1,1,/dev/dut
41,0,620144000000,248,0,128,1,0,10000000000000000000000,1,1,/dev/dut
42,0,620144000000,248,0,128,1,0,10000000000000000000000,1,1,/dev/dut
43,0,620144000000,248,0,128,1,0,10000000000000000000000,1,1,/dev/dut
44,0,620144000000,248,0,128,1,0,10000000000000000000000,1,1,/dev/dut
45,0,620144000000,248,0,128,1,0,10000000000000000000000,1,1,/dev/dut
